{"cameraMode":{"drawMode":0,"name":"Shaded","section":"Shading Mode"},"sceneLighting":true,"audioPlay":false,"sceneViewState":{"showFog":true,"showMaterialUpdate":false,"showSkybox":true,"showFlares":true,"showImageEffects":true,"showParticleSystems":true},"in2DMode":false,"pivot":{"x":-10.456738471984864,"y":3.9937236309051515,"z":10.902007102966309},"rotation":{"x":-0.06023326888680458,"y":0.6830112934112549,"z":-0.05668938532471657,"w":-0.7257091999053955},"size":29.153932571411134,"orthographic":false}